ID Produktu,Nazwa Produktu,Waga (kg),Wymiary (mm)
001,Plays,20,600x400x300
002,Maraibo,16,500x300x240
003,Laco,30,800x600x400
004,MonsterMO,40,900x500x360
005,Nuella,24,400x300x200
006,Nikea,36,600x400x360
007,Catten,12,360x240x160
008,Dor,20,600x400x300
009,Peysy,30,800x600x400
010,Doveme,32,500x300x200
011,Pangles,18,560x360x240
012,MMMS,14,440x320x200
013,Antan,30,800x600x400
014,Red Duck,40,900x500x360
015,Toble,12,360x240x160
016,Header,28,560x400x300
017,Snackers,18,500x300x240
018,Cloud9,30,800x600x400
019,Pangles Creme,18,560x360x240
020,Momo,16,400x300x200
021,Coalway,20,360x200x160
022,Twin,14,500x300x240
023,Sprites,30,800x600x400
024,Hershey YM,14,440x320x200
025,Fuson,22,500x400x300
026,Arsu,18,500x300x240
027,Lapen,30,800x600x400
028,Palmolomo,16,360x240x160
029,Ferreu,12,360x240x160
030,Tremno,24,500x300x240
031,Pangles BBQ,18,560x360x240
032,Res Peanut,14,440x320x200
033,Schwem Water,30,800x600x400
034,Heiners,40,900x500x360
035,Roos Cookies,16,400x300x200
036,Johns Powder,28,600x400x360
037,Hershey Syrup,20,360x240x160
038,Toc Toc,12,300x200x100
039,Peysy Max,30,800x600x400
040,Palmolomo Aroma,36,600x400x360
041,Catten Chunky,14,500x300x240
042,Snackers Ice,20,500x300x240
043,Pangles Cheddar Cheese,18,560x360x240
044,Kindly,16,440x320x200
045,Hammer Body Spray,24,360x200x160
046,Linot,12,360x240x160
047,Coalway Max White,20,360x200x160
048,Toble White,12,360x240x160
049,Dorny,16,300x200x100
050,Pangles Onion,18,560x360x240
051,Bounties,14,500x300x240
052,Cardum,16,400x300x200
053,Red Duck Sugarfree,40,900x500x360
054,Layers Onion,20,600x400x300
055,SunShine Shampoo,28,560x400x300
056,Dorits,20,600x400x300
057,Orbitum,12,300x200x100
058,Sprites Zero,30,800x600x400
059,Lapen Green Tea,30,800x600x400
060,Neutralizer,24,500x300x240
061,Laco Zero,30,800x600x400
062,Ments,12,300x200x100
063,Dovelome,36,600x400x360
064,Ares Icem,20,500x300x240
065,KettleB,20,600x400x300
066,Palmolomo Natural,28,560x400x300
067,Hershens,14,440x320x200
068,Old Mans,24,360x200x160
069,Umquick,20,360x240x160
070,Heinzer,24,400x300x200
071,Catten Drops,14,500x300x240
072,Cardum Twirl,16,440x320x200
073,Loremel,24,500x300x240
074,Walking Cheese,20,600x400x300
075,Nuella Coto,24,400x300x200
076,Detto,28,600x400x360
077,Heinems,30,800x600x400
078,Mentom,12,300x200x100
079,Headea,28,560x400x300
080,Stratts,14,440x320x200
081,Fairytail,24,400x300x200
082,Twin Mbt,14,500x300x240
083,Layers Barbecue,20,600x400x300
084,Listernem,24,400x300x200
085,Novemt,24,360x200x160
086,Prangles Vinegar,18,560x360x240
087,Cardum Flake,16,440x320x200
088,Coalway Plax,28,600x400x360
089,MaybeT,20,360x240x160
090,Catten Butter,14,500x300x240
091,Cardum Caramel,16,440x320x200
092,Garny,28,560x400x300
093,Walking Crisps,20,600x400x300
094,Milke,12,360x240x160
095,Prangles Paprika,18,560x360x240
096,Doveme Lotion,28,560x400x300
097,Red Duck Coconut Berry,40,900x500x360
098,Kindly Chocolate,16,400x300x200
099,Maybyten,20,360x240x160
100,Lococo,30,800x600x400
101,LinEX,12,360x240x160
102,Coalways,22,500x400x300
103,Walking Ready,20,600x400x300
104,Nesces,16,400x300x200
105,Hanterdus,20,360x300x200
106,Panpro,28,560x400x300
107,Cardum Fruit,16,440x320x200
108,Marolo Eyeliner,20,360x240x160
109,Evsan Natural,30,800x600x400
110,Walking Cocktail,20,600x400x300
111,DovIN,24,500x300x240
112,Kindly Happy,16,400x300x200
113,Johnsen,28,600x400x360
114,Skat,14,440x320x200
115,Minty,12,300x200x100
116,PanProno,28,560x400x300
117,LinLO,12,360x240x160
118,Col MAX,22,500x400x300
119,Walking BBQ,20,600x400x300
120,Marrolo Lipstick,20,360x240x160
121,Cardum Dark,16,440x320x200
122,Twins Pans,14,500x300x240
123,Concello,20,360x240x160
124,Walking Worcester,20,600x400x300
125,Snacks,18,500x300x240
126,Palmam,24,500x300x240
127,Nus Crunch,14,440x320x200
128,Dvy Men+Women,24,360x200x160
129,Evtian,24,400x300x200
130,Maky,12,360x240x160
131,KinSurp,16,400x300x200
132,PanHar,28,560x400x300
133,Prangles Hot,18,560x360x240
134,Dovr Cremy,32,500x300x200
135,Ferreety,12,360x240x160
136,Locoa,30,800x600x400
137,Mayu,20,360x240x160
138,Arts Miniatures,18,500x300x240
139,Lavtys V,20,600x400x300
140,Parms,20,360x240x160
141,Walking Cheeseburger,20,600x400x300
142,Caden,16,440x320x200
143,Doty Flex,36,600x400x360
144,Nivty Leap,24,360x200x160
145,Prangles Pizza,18,560x360x240
146,Snack Almond,18,500x300x240
147,Cardum Marvellous Creations,16,440x320x200
148,Mart Pallete,20,360x240x160
149,Walking Marmite,20,600x400x300
150,Kindly Mini,16,400x300x200
151,Pangles Ranch,18,560x360x240
152,MilkLoc,12,360x240x160
153,Dots,36,600x400x360
154,BrownieB,18,500x300x240
155,Walking Mers,20,600x400x300
156,Maybell,20,360x240x160
157,Kindly Creator,16,400x300x200
158,Locum Vanilla,30,800x600x400
159,Head Supreme,28,560x400x300
160,Hari Starmix,16,500x300x240
161,Pangles Source,18,560x360x240
162,Nave,32,500x300x200
163,Toblo,12,360x240x160
164,Mayby,20,360x240x160
165,Smoking Cheese,20,600x400x300
166,Cardens,16,440x320x200
167,Layers Chews,20,600x400x300
168,Gart,28,560x400x300
169,Skiers Wild Berry,14,440x320x200
170,Kindly Umpty,16,400x300x200
171,Dons,20,600x400x300
172,Cadrdum Bites,16,440x320x200
173,Maytormo,20,360x240x160
174,Malo Alpine,12,360x240x160
175,Lors Cream,20,360x240x160
176,Nifre,36,600x400x360
177,PrinXtra,18,560x360x240
178,Catten Chunkies,14,500x300x240
179,Her Cookies,14,440x320x200
180,Colty,20,360x200x160
181,Medley,16,440x320x200
182,New May,20,360x240x160
183,Li Caramel,12,360x240x160
184,Invisi,24,360x200x160
185,Walking Sausage Roll,20,600x400x300
186,Orsto,12,360x240x160
187,Lotenmen,24,500x300x240
188,Pickly,18,560x360x240
189,WonderCad,16,440x320x200
190,Pino,24,500x300x240
191,Walking Beef,20,600x400x300
192,Liqumay,20,360x240x160
193,Cerels,16,400x300x200
194,Wasami,20,600x400x300
195,Nivu,24,360x200x160
196,Lolo Raspberry,30,800x600x400
197,Hars Giant,16,500x300x240
198,Pangles Wavy,18,560x360x240
199,Dovly Intensive,32,500x300x200
200,Cardum Boost,16,440x320x200
201,Mayten,20,360x240x160
202,Walking Pens,20,600x400x300
203,Snics,18,500x300x240
204,Cocho,12,360x240x160
205,GateMy,28,600x400x360
206,HazHappy,16,400x300x200
207,Prangles TYM,18,560x360x240
208,MayBT,20,360x240x160
209,Nivat,24,360x200x160
210,Layes,20,600x400x300
211,Maton,20,360x240x160
212,Linres,12,360x240x160
213,Dots Comfort,24,360x200x160
214,Walking Cats,20,600x400x300
215,Mano Straws,12,360x240x160
216,Dytmo,24,500x300x240
217,Pangles Schorch,18,560x360x240
218,Freddo,16,440x320x200
219,Defy,28,560x400x300
220,Hartons,16,500x300x240
221,Prin Extra,18,560x360x240
222,Ni Sun,24,360x200x160
223,Kit Chunky,14,500x300x240
224,Maumy,20,360x240x160
225,Kanolo,16,400x300x200
226,Lams,20,600x400x300
227,Niv Q10,24,360x200x160
228,Me Chocko,12,300x200x100
229,Printy,18,560x360x240
230,Dos,24,500x300x240
231,Cansty,16,440x320x200
232,Mayre,20,360x240x160
233,Tomen,12,360x240x160
234,Colwas Sensitive,20,360x200x160
235,Kindly Bons,16,400x300x200
236,Warens,20,600x400x300
237,Mastro,20,360x240x160
238,Maomi,16,500x300x240
239,Jololo,18,560x360x240
240,Carmy Crunchy,16,440x320x200
241,Maylo,20,360x240x160
242,Barms,12,360x240x160
243,Carnys,24,360x200x160
244,Limono,20,600x400x300
245,Martos,12,360x240x160
246,Dontys,24,500x300x240
247,Rotireso,18,560x360x240
248,Camten,16,440x320x200
249,Panry,28,560x400x300
250,Haties Cherries,16,500x300x240
251,Ponomo,18,560x360x240
252,Moistys,24,360x200x160
253,Conies,14,500x300x240
254,Matroen,20,360x240x160
255,Kind Laps,16,400x300x200
256,Layers Oven,20,600x400x300
257,Nitos,28,560x400x300
258,Remso,12,300x200x100
259,Wavys,18,560x360x240
260,Nomys,24,500x300x240
261,Caners,16,440x320x200
262,Mayleen,20,360x240x160
263,Linalop,12,360x240x160
264,Enamel Health,20,360x200x160
265,Upe7,16,400x300x200
266,Walks,20,600x400x300
267,Mamrs,20,360x240x160
268,Harens Frizzy,16,500x300x240
269,Ulens Strawberry,18,560x360x240
270,Tiffau,16,440x320x200
271,Martes,20,360x240x160
272,Minmo,12,360x240x160
273,Dovw,24,360x200x160
274,Walins,20,600x400x300
275,Daim Star,12,360x240x160
276,Bowa,24,500x300x240
277,Perties,18,560x360x240
278,Cardum Party,16,440x320x200
279,Pantreum,28,560x400x300
280,Harens Giants,16,500x300x240
281,Pangles Ranch,18,560x360x240
282,Niy,24,360x200x160
283,Krens,14,500x300x240
284,Maynew,20,360x240x160
285,Kindly Biscuit,16,400x300x200
286,Layum,20,600x400x300
287,Nivum Essentials,28,560x400x300
288,Minty Hard,12,300x200x100
289,Moa Wavy,18,560x360x240
290,Dovton,36,600x400x360
291,Crispy Cad,16,440x320x200
292,Wadowmy,20,360x240x160
293,Larum,12,360x240x160
294,Coltion,20,360x200x160
295,Kind Minis,16,400x300x200
296,Stax Prawn,20,600x400x300
297,Malo Powder,20,360x240x160
298,Harwons,16,500x300x240
299,Pangles Spicy,18,560x360x240
300,Cargy,16,440x320x200
301,Melton,20,360x240x160
302,Melton Frizyy,18,560x360x240
303,Clotion Mix,28,560x400x300
304,Clons,12,360x240x160
305,Szalons,18,560x360x240
306,Mists,32,500x300x200
307,Zartys,16,440x320x200
308,Talens,20,360x240x160
309,Magmas,20,600x400x300
310,Brosmins,24,360x200x160
311,Pasnoms,16,400x300x200
312,Rozlons,20,600x400x300
313,Papies,28,560x400x300
314,Smarty,12,360x240x160
315,Tertons,18,560x360x240
316,Cals,16,440x320x200
317,Gofru,16,440x320x200
318,Suprty,12,360x240x160
319,Malkintons,24,500x300x240
320,Chelny,20,600x400x300
321,Zakoy,12,360x240x160
322,Pinotons Extra,28,560x400x300
323,Wafwizu,16,400x300x200
324,Rayons,20,600x400x300
325,Coynts,16,440x320x200
326,Koloco,24,360x240x160
327,Ekso,30,800x600x400
328,Smatew,18,560x360x240
329,Magio Mix,20,360x200x160
330,Plato Promo,20,360x240x160
331,MagMI,24,500x300x240
332,Chriu,20,600x400x300
333,Zetsy,16,440x320x200
334,Jabso,12,360x240x160
335,Piemo,28,560x400x300
336,Owodel,16,400x300x200
337,Ili omo,20,600x400x300
338,Nasom,20,360x240x160
339,Lisuma,16,440x320x200
340,Presto,24,500x300x240
341,Casto,20,600x400x300
342,Coloka,16,440x320x200
343,Tnatoms,20,600x400x300
344,Martiops,24,500x300x240
345,Zesma,16,440x320x200
346,Odcomy,28,560x400x300
347,Pinoy,20,360x240x160
348,Cayes,20,600x400x300
349,Zatoskys,16,440x320x200
350,Delimo,20,600x400x300
351,Magiton,16,440x320x200
352,Przumo,24,500x300x240
353,Custo,20,600x400x300
354,Wamono,24,500x300x240
355,Tawton,16,440x320x200
356,Cystos,28,560x400x300
357,Patom,20,360x240x160
358,Celkus,20,600x400x300
359,Tenklos,16,440x320x200
360,Jogro,20,600x400x300
361,Mali O,12,360x240x160
362,Peelso,28,560x400x300
363,Katnes,16,400x300x200
364,Ili Ras,20,600x400x300
365,Ram Pen,20,360x240x160
366,Yerpos,16,440x320x200
367,Mynmo,24,500x300x240
368,Owsup,20,600x400x300
369,Sma Mus,16,440x320x200
370,Zornos,20,600x400x300
371,Chma,24,500x300x240
372,Zusto,16,440x320x200
373,Panaro,28,560x400x300
374,Nemos,20,360x240x160
375,Nuris,20,600x400x300
376,Cararies,16,440x320x200
377,Utplam,20,600x400x300
378,Nuromos,16,440x320x200
379,Teristos,24,500x300x240
380,Rastos,20,600x400x300
381,Iki Oko,16,440x320x200
382,Zatens,20,600x400x300
383,Chmans,24,500x300x240
384,Zlotro,16,440x320x200
385,Olems,28,560x400x300
386,Tustens,20,360x240x160
387,Paromos,20,600x400x300
388,Jogs,16,440x320x200
389,Delitans,20,600x400x300
390,Limson,16,440x320x200
391,Netos,20,360x240x160
392,Nemos Strawberry,18,560x360x240
393,Delikos,28,560x400x300
394,Caralos,12,360x240x160
395,Sosolo,18,560x360x240
396,Amanolo,32,500x300x200
397,Zelins,16,440x320x200
398,Tonsklin,20,360x240x160
399,Mastos,20,600x400x300
400,Bzkio,24,360x200x160
401,Peltan,16,400x300x200
402,Ulmerlo,20,600x400x300
403,Pyonos,28,560x400x300
404,Serians,12,360x240x160
405,Serians White,18,560x360x240
406,Letos,16,440x320x200
407,Gurofu,16,440x320x200
408,Gurofu Mini,12,360x240x160
409,Mlesom,24,500x300x240
410,Chi Sol,20,600x400x300
411,Delmyre,12,360x240x160
412,Pestos,28,560x400x300
413,Waffs,16,400x300x200
414,Raj Nu,20,600x400x300
415,Waffsu,16,440x320x200
416,Coloso,24,360x240x160
417,Eksam,30,800x600x400
418,Smolons,18,560x360x240
419,Mrolo,20,360x200x160
420,Tumby Crunch,20,360x240x160
421,Dolato,24,500x300x240
422,Larolo,20,600x400x300
423,Zesman,16,440x320x200
424,Opuso,12,360x240x160
425,Pizoso,28,560x400x300
426,Dekiom,16,400x300x200
427,Ransopo,20,600x400x300
428,Pianto,20,360x240x160
429,Lisero,16,440x320x200
430,Kjato,24,500x300x240
431,Castons,20,600x400x300
432,Smirons,16,440x320x200
433,Wakio,20,600x400x300
434,Laczis,24,500x300x240
435,Pramos,16,440x320x200
436,Kamnos,28,560x400x300
437,Cosotlos,20,360x240x160
438,Omanos,20,600x400x300
439,Letas,16,440x320x200
440,Quenso,20,600x400x300
441,Qenomo,16,440x320x200
442,Macros,24,500x300x240
443,Macros Cono,20,600x400x300
444,Murkins,24,500x300x240
445,Kaleno,16,440x320x200
446,Olis,28,560x400x300
447,Olenos,20,360x240x160
448,Cramptions,20,600x400x300
449,Rewson,16,440x320x200
450,Moczi,20,600x400x300
451,Wulums,20,360x240x160
452,Paltons,18,560x360x240
453,Demo Strips,28,560x400x300
454,Mukio,12,360x240x160
455,Olisons,18,560x360x240
456,Misty Mos,32,500x300x200
457,Lesno,16,440x320x200
458,Nolos,20,360x240x160
459,Migloa,20,600x400x300
460,Bonomo,24,360x200x160
461,Cafrom,16,400x300x200
462,Roposo,20,600x400x300
463,Papio,28,560x400x300
464,Smatlo,12,360x240x160
465,Tastyno,18,560x360x240
466,Joroso,16,440x320x200
467,Gusofo,16,440x320x200
468,Papio Minis,12,360x240x160
469,Castellos,24,500x300x240
470,Castellos Spicy,20,600x400x300
471,Castellos Salty,12,360x240x160
472,Smatlo Extra,28,560x400x300
473,Waffus,16,400x300x200
474,Mokano,20,600x400x300
475,Lapu,16,440x320x200
476,Alano,24,360x240x160
477,Waganso,30,800x600x400
478,Qwesto,18,560x360x240
479,Magijo,20,360x200x160
480,Customs,20,360x240x160
481,Atomos,24,500x300x240
482,Arations,20,600x400x300
483,Pikosmo,16,440x320x200
484,Bastions,12,360x240x160
485,Klajtons,28,560x400x300
486,Kasmos,16,400x300x200
487,Munio,20,600x400x300
488,Muncho Musto,20,360x240x160
489,Muni Lo,16,440x320x200
490,Harkons,24,500x300x240
491,Hasnos,20,600x400x300
492,Makasio,16,440x320x200
493,Okloso,20,600x400x300
494,Muno,24,500x300x240
495,Mumso,16,440x320x200
496,Lagasso,28,560x400x300
497,Trenso,20,360x240x160
498,Palmenso,20,600x400x300
499,Mumicro,16,440x320x200
500,Musimo,20,600x400x300
501,Casyons,16,440x320x200
502,Lapsony,24,500x300x240
503,Musties,20,600x400x300
504,Murkos,24,500x300x240
505,Telens,16,440x320x200
506,Temanos,28,560x400x300
507,Mimo Na,20,360x240x160
508,Kolonems,20,600x400x300
509,Mamtio,16,440x320x200
510,Dalanions,20,600x400x300
511,Leynorons,20,360x240x160
512,Gosnos,18,560x360x240
513,Iloco,28,560x400x300
514,Mukoson,12,360x240x160
515,Ypsonos,18,560x360x240
516,Mastons,32,500x300x200
517,Mismo XO,16,440x320x200
518,Kalpons,20,360x240x160
519,Makisto,20,600x400x300
520,Crunchy Momo,24,360x200x160
